	fluxes
HQNGT_c	0.0
ALDD2y_c	0.0
SINK_CHLB_pl	0.0
PC1829Z18212ZDS_c	0.0
FDH_m	0.0
XYS3_g	0.02249471618790992
OXAt2_cm	0.0
GLUSx_pl	0.0
TCMO_c	0.0
NDP3_c	0.0
7IJASMONATES_c	0.0
ACONTb_c	0.0007563893810238418
TRPS2_pl	0.06141102800373511
ZSSI_c	0.0
ATPt3_cm	0.0
DVPCHLD_pl	0.0
GGTT_c	0.0
THFtdiff_cpl	0.0
PRBK_pl	108.05549418550602
NDPK5_m	0.0
TXASr_c	0.0
MEPCT_pl	0.1627256400436196
DNMPPA_c	0.0
UDPGD_c	0.2699365942549191
AICART_pl	0.8879668958788892
346THCISCINNMS_c	0.0
ECOAH8_c	0.01001022762857589
FALGTHL_c	0.0
PDH_m	0.0
EX_akg_eb	0.0
SINK_fum_c	0.0
PC1819Z1829Z12ZDS2_c	0.0
GHMT_pl	-1.473764718249722
LIMONINGT_c	0.0
NADTRHD_c	0.0
LOTAUSTRALINGSD_c	0.0
RNDR3_c	0.08167647523048595
PSPPS_er	0.0
HMR_2002_c	0.0
GIBBA9OX2_c	0.0
3HPDHBMT_c	0.0
CYSDS_c	0.0
HSDA_c	0.0
SINK_sinapylalc_c	0.0
PGIB_c	0.0
PPCK_c	0.0
ASCPOX_m	0.0
FMNAT_c	0.0
IMPt_cpl	0.0
SEPIRED_c	0.0
FBA_c	-10.502230293059332
HMR_1477_c	0.0
SINK_glu_L_c	0.0
G6PBDH_c	0.0
MDHASCBL_x	0.0
DHCR72r_c	0.0
R02379_c	0.0
ILE_Lt_cm	0.0
TCINCOAL_c	0.09984778709562299
PGK_pl	212.85308890101226
PEAMNO_c	0.0
GLXt_cpl	0.0
THRD_L_pl	0.11480610520056031
SERR_c	0.0
AASAD3_c	0.0
NADt_cmi	0.0
HEX1_c	0.0
GALS3_c	0.0
PRPPS_pl	0.9493779238826247
2DHLUBIMINS_c	0.0
GA34OX_c	0.0
NMCOCLAURINEOX_c	0.0
ASCPOX_pl	0.0
R06292_c	0.0
URIK1_c	0.0
HISLYSt_mc	0.0
ACOCMT_c	0.0
2HPSEUDOBAPTIGENINRD_c	0.0
ICDHy_m	1.280332404383004
3MOBDC_c	0.0
TERPINOLENES_c	0.0
ENO_pl	1.0216151267388318
ACt_cpl	2.079341112869657
MGDG1829Z12Z160DS2_c	0.0
AHC_c	0.12933609150924863
GLYCLTt_cx	1.255576780437325
LSTO2r_c	0.0
PIt_xc	2.664542283760035
BIOMASS_ROOT_SLY_b	0.0
13ADPYRROLINIUMDEG_c	0.0
R2232_c	0.0
THFAT_m	0.0
PREN_c	0.0
IFUCOSTEROL22H_c	0.0
FACOAL160_pl	0.0
GCOADHm_m	0.0
GAPDHNP_c	0.0
PC1829Z12Z16113EDS_c	0.0
PPD_c	0.0
3HPPt_cm	0.0
GABAt2_cm	0.0
CAPSICONIATES_c	0.0
TYRTA_c	0.0
ICHORS_c	0.0
UPP3MT2_c	0.0
FTHFD_pl	0.0
ESCULETINS_c	0.0
UF7GTK_c	0.0
R07874_c	0.0
glc_D_pumped_H_tx_v__v	0.0
RBFSb_c	0.0
GDMANE_c	0.0
CITCONH_c	0.0
HMR_1479_c	0.0
NADPPPS_c	0.0
R02220_c	0.0
GERANIOLH_c	0.0
R07453_c	0.0
TKT2_pl	-36.67549574537581
GLCURK_c	0.0
GUACYC_c	0.0
5OIND3YLACMIGALIDES_c	0.0
ACALDOX_c	0.0
R2910_c	0.0
MI1345PP_c	0.0
SMOX2_c	0.0
2CLMALEYLACS_c	0.0
PMEVK_x	0.0
MDH_m	9.758187537821607
TRPS3_pl	0.061411028003735116
P5CS_c	0.2301084120310105
PRPPS_c	0.6199204923874978
ICHORT_c	0.0
CITt_vc	0.0
EAR120x_pl	0.0
SUCBZS_c	0.0
H2Ot_cpl	66.64400920499895
ALAALA_c	0.0
LSTO1r_c	0.0
PSP_L_pl	3.019302597322536
22AHSITOSTEROLH_c	0.0
DHFR_m	0.0
GDPPEROSAMINEDAT_c	0.0
ALDD19x_c	0.0
GUAD_c	0.0
DB4PS_c	0.0
EAR100x_pl	0.0
PC1819Z182D_c	0.0
HCO3E_pl	0.0
G3Pt2_cpl	18.27791261609923
24MDESMOSTEROLR_c	0.0
10FTHFt_cpl	1.473764718249724
PIt2_vc	0.0
GA15OX_c	0.0
PINORESINOLR_c	0.0
GALK2_c	0.0
CKDH1_c	0.0
CES10_c	0.07422969039934636
2IMINPROPSSYNTH_pl	0.0
FKYNH_c	0.0
DIENOYLCOAREDUCT_c	0.0
CYTK1_pl	0.1627256400436196
NADPHox_c	0.0
ASCOXIDORED_m	0.0
R07447_c	0.0
CAMPESTANOLS_c	0.0
GLYCTO1_x	1.2555767804373252
HTHBPDH_c	0.0
ARGSUCL_c	0.0
ACGS_pl	-2.772935608244303e-17
MGDG1829Z12Z1829Z12ZDS2_c	0.0
DHNANT_c	0.0
CES9_c	0.07422969039934636
DGDG1829Z12Z1839Z12Z15ZCL_c	0.0
SINK_cholphya_pl	0.0
HBZDPT_c	0.0
T3HCOTININED_c	0.0
GIBBA4OX_c	0.0
HIUHase_x	0.0
PGI_c	-5.095103357054736
FERO_c	0.0
GAPD_pl	-2.3381308398070564
ITRANSZEATINRBDIPS_c	0.0
68DHPURINEDH_c	0.0
k_tx_v__v	0.0
HACD9_c	0.0
STS_pl	0.06715557095728228
UAGCVT_c	0.0
SINk_ile_L_c	0.0
SBTPR_c	0.0
EPISTLDS_c_c	0.0
CAO2_pl	0.007856447512548378
BETS_c	0.0
HIBDkt_m	0.0
GLYt_cm	-0.6381176610288878
BENZCOATE_c	0.0
Pit6_cpl	6.16674528167741
CHOLK_c	0.0
NADHt_cmi	0.0
CYSST_pl	0.0
PYDXOR_c	0.0
CAFFALDH_c	0.0
NADDP_c	0.0
3HPPD_c	0.0
MMM_R_c	0.0
DHSANGUINARINES_c	0.0
GLUCD3b_x	0.0
DHFS_m	0.0
HISPYRAT_c	0.0
SUCR3_v	0.0
ALATA_D2_c	0.0
ADSS_pl	0.8879668958788892
GAAKGOR5_c	0.0
SSTYLOPINES_c	0.0
FACOAL181_c	0.0
DHSMO_c	0.0
IAOXHL_c	0.0
DURIK1_c	0.0
H2Ot_ec	78.25315294170842
HMR_1504_2_c	0.0
CYTK2_c	-0.08167647523048595
EBP2r_c	0.0
EX_succ_eb	0.0
7ODGYLAPIGENINAT_c	0.0
DPR_c	0.0
OXFERROPROTII_m	1.41664047080943
ACS_pl	2.19832763470431
UMPK_pl	0.0
D2425SITOSTEROLRD_c	0.0
O2tdiff_plty	-118.59312734341869
GIBBA15OX_c	0.0
DHDPS_pl	0.0
10HGERANIALRD_c	0.0
OROTt_mic	0.6199204923874979
YUMPS_c	0.0
NICRNTt_cpl	0.0
G3PD1_c	0.0040340766987941494
CES12_c	0.07422969039934638
SELNPS_c	0.0
FORAMD_c	0.0
SUCCt3_cm	1.68624811844475
GNNUC_c	0.0
MMT_c	0.0
PENTOT_c	0.0
IPMD_pl	0.2735377579563531
CPMPS_c	0.0
GA12OX2_c	0.0
34HPPOR_c	0.0
MGCH_c	0.0
PHYQS_c	0.0
NAt_ec	0.0
MINPP_c	0.0
R05825_c	0.0
GCEAGLYCLT_plc	0.0
EX_damp_eb	0.0
DADNK_c	0.0
FRTT_c	0.0
N4N12M13N12M16M14N14NXT_c	0.0
ICL_x	0.0
XU5PFALDT_c	0.0
DADK_c	-0.0532853240579929
CICOARED_c	0.0
IAAASPS_c	0.0
PPA_pl	5.2671088920591265
CHLPCTD_c	0.0
ATPPRT_pl	0.3021690735080594
HDCAtdiff_pl	0.0
FRTT_pl	0.04068141001090491
DHDPRx_pl	0.0
IBAZZANENES_c	0.0
HMR_1502_c	0.0
LUBIMINS_c	0.0
LNSTLS_c	0.0
LACCASE_c	0.0
TROPR_c	0.0
SUCCOAH_m	0.0
MCCC_c	0.0
GLUGLUa_pl	0.0
DMSPAOX_c	0.0
COUCOAHCT_c	0.0
UDPG4E_c	0.0
NADHORpumpedproton_m_mmi	0.7083202354047151
pumped_H_fum_tx_v__v	0.0
MI3456PK_c	0.0
XYS9_g	0.02249471618790992
RSUCSLRED_pl	0.0
EX_mobd_eb	0.0
HXAND_c	0.0
HOMOMETOX_c	0.0
PULR_c	0.0
HPT_c	0.0
RPI_pl	35.21531025812379
AM_A3_pl	0.0
R03640_c	0.0
MGDG1829Z12Z1637Z10Z13ZDS_c	0.0
LEUTA_c	0.0
THYDROGRGRBACTERIOPHEOPHYTINS_c	0.0
INSH_c	0.0
MI12346PK_c	0.0
2PROPENYLGLATES_c	0.0
HSTPT_pl	0.3021690735080594
6DEOXOCATHASTERONEH_c	0.0
HBZOPT_c	0.0
ARGSL2_c	0.0
PERD_c	0.0
ATS_x	0.0
FPQOR_plty	25.627490626325205
CHLSTOLOX_c	0.0
OAAACON_Ct2_cm	-1.280332404383007
HPPK_m	0.0
OL6BGLC31GALGT_c	0.0
PTPAT_c	0.0
EX_pydxn_eb	0.0
KAEMPFEROL3OGALIDET_c	0.0
PYDAMK_c	0.0
NDPK4_m	0.0
ACTINORHODINS_c	0.0
ME2_c	0.0
MPMECY2_pl	0.04068141001090492
CPPPGO_pl	0.04068141001090491
ALLTNt_c	0.0
ABTA_m	0.0
I3AGT_c	0.0
VALt_cm	0.0
ATPS4_mim	0.0
PINORESINOLS_c	0.0
GDPMNH_c	0.0
NH4t_cm	9.554591572433434
GLYD_pl	0.0
R02832_c	0.0
PELARGONIDIN3OGIDERT_c	0.0
GA12OX_c	0.0
CONFRLGT_c	0.0
SARCOX_c	0.0
GIBBA9OX_c	0.0
3HAD120_pl	0.0
BPNT_c	0.0
AOOR_c	0.0
MACACI_c	0.0
IVCOADH_c	0.0
MALOAAt_cpl	4.841494476609724
1MPYRS_c	0.0
BSMT_c	0.0
MALGLUt_cpl	0.0
R05036_c	0.0
CINNALDO_c	0.0
EX_4abut_eb	0.0
HACYLCOAEPI40_c	0.0
PACALDS_c	0.0
AMITKP_c	0.0
ARG2MO_c	0.0
PEPCK_c	-5.736204834255246
TRDR_m	0.0
PRFGS_pl	0.5857978223708299
HGO_c	0.0
GLUTRS_m	0.0
ATP2t_cm	0.0
SERPT_c	0.0
3H3PPPCOAH_c	0.09984778709562299
ORNt_ec	0.0
GGDPR1_pl	0.007856447512548378
HC02110MO_c	0.0
SO4t_ec	0.38050728849386867
MGDG1819Z1619ZDS2_c	0.0
3HBCS_x	0.0
DELPHINIDIN35DGLCHCT_c	0.0
DHAK_c	0.0
SINK_ser_L_c	0.0
24MENECHSTEROLR_c	0.0
M00967MO_c	0.0
GTHO_pl	0.11898652183465291
GHMT_c	-0.9396980911921021
TMDS_c	0.05328532405799291
LINASE_c	0.0
CAROMO_c	0.0
PTRCOX1_c	0.0
ACONSUCCt2_mc	0.0
CELL2_c	0.0
MGDG1819Z1619ZDS_c	0.0
ASPGLUt_cm	0.0
FERULCOAS_c	0.0
NO3t_cv	0.0
LGTHL_c	0.0
EX_SUCR_eb	3.994983137916299
TD35TEH_c	0.0
DHNAOT4_c	0.0
ATPADPPIt_cpl	0.0
MECDPS_pl	0.16272564004361964
OGDH3_c	0.0
EX_glc_eb	0.0
GERANIALOX_c	0.0
14BXYLAN_12Ut_gc	0.02249471618790993
2DPREN3M6ME14BLH_c	0.0
OFERULOYLQUINATES_c	0.0
NNDPR_pl	0.0
ZCAROTEBC_c	0.0
SORBDEH_c	0.0
ASP_Ltdiff_cx	1.7205178109903738
LYSORNt_c	0.0
PMI12346PS_c	0.0
MGDG1819Z1627Z10ZDS_c	0.0
AACOAT_c	0.0
6O_TRANS_KETOMYCOLTRE6PRD_c	0.0
ICDHy_x	0.0
DHBD_c	0.0
ACTINORHODININTS_c	0.0
CAT_c	0.0
PPCOAO_m	0.0
G5SD_c	0.0
TMPPP_c	0.0
OGDH3_m	0.0
STS2_pl	0.13431114191456398
STS3_pl	0.13431114191456459
BETALDHYDH_c	0.0
PRAI_pl	0.061411028003735144
DMOR_pl	0.5817186211984918
ACGAMT2_c	0.0
cit_pumped_H_tx_v__v	0.0
HESPERITIN7OGIDEDRT_c	0.0
OCDCALDC_c	0.0
UAMAGS_c	0.0
G53OX_c	0.0
S8METHOCTHXIMCYSS_c	0.0
R3084_c	0.0
VIOXANOR_pl	0.0
GND_c	0.6199204923874979
DHORTS_c	0.6199204923874979
EX_nac_eb	0.0
1CL24DNBZGST_c	0.0
AMAOTr_c	0.0
SINK_coumarylalc_c	0.0
3PYRAZOL1YLALAS_c	0.0
PRAMPC_pl	0.3021690735080593
ACONTb_m	1.280332404383004
AKGMALt_cm	0.0
Ht_cx	-2.6645422837600354
URAt_cpl	0.0
ECOAH31_c	0.0
NDPK2_c	5.404126462706241
4IMDZLASE_c	0.0
Q9H2OX_c	0.0
ALATA_L_x	0.0
PWD_pl	0.0
PSURIK_c	0.0
CTPS2_c	0.3090231056515048
DAIDZEIN2H_c	0.0
3MTHPPNLDH_c	0.0
METHMALSALDDH_m	0.0
UAGDP_c	0.0
CAS_c	0.0
PPP9t_cm	0.0
ANTHBENZT_c	0.0
ASNS1_c	0.0
acald_tx_m__m	0.0
NADS2_c	0.0
TRDR_c	3.584975432839223
UDCPDPS_c	0.0
Pit6_plc	0.0
ACP1819ZD9DS_pl	0.0
HCYSLt_cpl	-0.11895901459594735
IGPS_pl	0.06141102800373514
NOOR_c	0.0
NTD11_c	0.0
M00957MO_c	0.0
2HGOR_c	0.0
GA13OX_c	0.0
IPDDI_pl	0.0
ECARODOX_c	0.0
MLTP4_pl	0.0
FLAVS_c	0.0
PTHPS_c	0.0
CONAL5H_c	0.027989427055283945
PC1819Z160DS_c	0.0
3HPPCOAHL_m	0.0
DC6PH_c	0.0
CHOLPPP_c	0.0
OIVD3_m	0.0
S9METHNONHXIMOYLCYSS_c	0.0
MI1236TKP_c	0.0
DUTPDP_c	0.0
GLXt_cx	0.0
PCOR_c	0.0
ATP2t_xc	1.3322711418800177
SO4t2_cpl	0.11898652183465287
LUT7OHIDES_c	0.0
3DH5HPBMT_c	0.0
HMR_1478_c	0.0
AROAT2_c	0.14151547647696025
MDHAR_x	0.0
CKDH3_c	0.0
SINK_gln_L_c	0.0
MI1256PHYT_c	0.0
EX_I_eb	0.0
DTMPK_m	0.0
H2Ot_cm	-10.170382673758352
BBISABOLENES_c	0.0
FA160ACPH_pl	0.0
TPI_c	0.0
ALLTRANSTDPRENDPS_c	0.0
6OKETOMYCOLTRE6PRD_c	0.0
EBP1r_c	0.0
SHKK_pl	0.5108075633694158
RYLNTARH_c	0.0
ASNS2_c	0.22529201293581752
MTHFR6_c	0.0
GTHP_c	0.0
FMNRx_c	0.0
MOMAS_c	0.0
MGDG1829Z12Z1829Z12ZDS_c	0.0
ADPTR_c	0.0
PSERT_pl	3.019302597322536
CSND_c	0.0
ETHAK_c	0.0
3OAR40_pl	0.0
DGDG1819Z160ZDS_c	0.0
KCCt_ec	0.0
I7OMT_c	0.0
GLCt_vc	0.0
N6DIMALLA5PPH_c	0.0
GGCHLAR2_pl	0.032824962498356536
SULFOX2_x	0.0
13HPL_c	0.0
ASCOXIDORED_x	0.0
NH4t_cpl	1.549375835459768
DMATT_pl	0.04068141001090492
UPPN_c	0.0
SUCOAS1_m	0.0
GDPMNEPI1_c	0.0
O2tdiff_ec	-113.9346334623263
24EPICAMPS_c	0.0
CBASPt_plc	0.6199204923874979
LITORINEM_c	0.0
LNLCCOAL_c	0.0
PPCOAC_c	0.0
OIVD3_c	0.0
UDPRMNS_c	0.0
PC1839Z12Z15Z1819ZDS_c	0.0
ASPK_pl	0.9351004516034235
MI14PP_c	0.0
ACACT1_x	0.0
NO2R_pl	3.8534772984977477
reac_1774_c	0.0
TCYG_c	0.0
GLUS_ferr_m	0.0
STSULT_c	0.0
EX_ORN_L_eb	0.0
ACRAMID_c	0.0
17OACAJMALINEE_c	0.0
DIELH_c	0.0
R06556_c	0.0
CANAVANINED_c	0.0
MI24PP_c	0.0
LNLNCAt_plc	0.0
TDPDRR_c	0.0
SERD_D_c	0.0
Kt_ec	0.0
PSORALENS_c	0.0
GLUGLUb_c	0.07422969039934638
CYSDDS__c	0.0
XYS7_g	0.02249471618790992
PPND_pl	0.0
LCYCR_c	0.0
GAL6PI_c	0.0
FASYNTH1_pl	0.13743208348398975
GLUDy_m	-1.280332404383004
H2Ot_cg	0.022494716187909918
ACRSP_c	0.0
SHK3D_pl	0.5108075633694158
SACCD3_c	0.0
UMPK_c	0.3090231056515039
IAAGLNS_c	0.0
R05766_c	0.0
R06539_c	0.0
CISZEATINS_c	0.0
MI12456PPK_c	0.0
HPGS_c	0.0
R01615_c	0.03918253265256314
PGIB_pl	0.0
R03636_c	0.0
APRAUR_c	0.0
PMPK_c	0.0
NADt_cx	-8.517683370634625e-17
3KTLACASE_c	0.0
ACACT1_c	0.0
STSA5_pl	0.026862228382913547
EAR140x_pl	0.0
UDPDPS2_c	0.0
MCPST_c	0.0
AHCT_c	0.0
PP2K_c	0.0
LORNITHt_cpl	-7.752039998847679e-05
NADH3_m	0.0
CHLP_c	0.0
P5CR_c	0.0
XAO2__c	0.0
GA12OX3_c	0.0
HDCEAt2_cx	0.0
6SHHYOSCYAMINEH_c	0.0
THIORDX_c	0.0
MPQMT_c	0.0
2MPPALR_c	0.0
SPRMS_c	0.0
ACETCITDA_c	0.0
GLUt_cx	-0.07669436144269241
SERAT_c	0.0
GGGABAH_c	0.0
ACODA_c	0.0
HBQR_c	0.0
KARA2_pl	0.11480610520056035
PPNDH_c	0.0
CITRLYSt_m	0.0
AOX_m	0.0
GABATA1_m	0.0
MTHPTGHMr_pl	0.0
C3H_c	0.0
ITZEATINRBOX_c	0.0
MCITL2_c	0.0
TRYPTAOX_c	0.0
CYSS_pl	0.11898652183465287
ZHY_c	0.0
OAAt_xc	0.0
GA15OX3_c	0.0
MPMECY3_pl	0.04068141001090492
GTHHR_e	0.0
FADDP_c	0.0
R01613_c	0.0
3OAR100_pl	0.0
H4THDPR_pl	0.0
ASPTA_pl	-2.675471242953562
Kt3_ec	0.7191821083128414
STSAP6_pl	0.10744891353165167
R07990_c	0.0
ALDD2x_m	0.0
XYLI2_2_c	-0.5660088529617205
GLYR2_c	3.421622482378251
SINK_confrl_c	0.0
DHPPDA2_c	0.0
SINK_URA_bc	0.0
ECOAH9_c	0.0
PPCDC_c	0.0
CMEBUT_c	0.0
MI123TPP_c	0.0
SERGLXAT_x	-0.38824666911035677
G6PIB_c	0.0
ARGSL_pl	0.24147832646761364
PGK_c	-7.775682323039899
SDH_m_m	0.0
IGPDH_pl	0.30216907350805944
A1E_pl	0.0
OMPDC_c	0.6199204923874979
FMETDF_c	0.0
NDPK2_m	0.0
ORNTA_m	0.0
MIRAXHANTINVS_c	0.0
RBCh_pl	1.2564592347151862
CSHCT_c	0.06066525444305982
PC1829Z12Z1627Z10ZDS_c	0.0
STS1_pl	0.13431114191456398
24MENELOPHMT_c	0.0
ACt_cx	1.3322711418800175
R03126_c	0.0
ITRANSZEATINRBS_c	0.0
3HSTEDH_c	0.0
HSTECARBDH_c	0.0
21R3S19OXOHBZIC3YLACS_c	0.0
MGDG1829Z12Z1617ZDS2_c	0.0
FACOAL180_x	0.0
ATPMGt_cm	0.0
ARGN_m	0.0
R07911_c	0.0
R07993_c	0.0
GA53OX_c	0.0
MI134PK_c	0.0
CINNMMT_c	0.0
TMDS_m	0.0
THRA_c	0.0
IAAALAS_c	0.0
3OAR80_pl	0.0
UPPDC1_pl	0.04068141001090491
NCTAT_c	0.0
R3207_c	0.0
PROt_cm	-8.916473911404548
LIPATPT_c	0.0
TCGT_c	0.0
GK1_c	0.02839115117249306
OAASO4t_c	0.0
DHAD2_pl	0.11480610520056034
CO2tdiff_cm	-0.6422147433541162
2KMBt_cpl	0.0
ACLS_pl	0.5817186211984918
UDPSQS_c	0.0
DAMPt_ec	0.0
GENISTEIN2H_c	0.0
DHCHLROX_c	0.0
3OACOAS_c	0.01001022762857589
TYMHCT2_c	0.0
MI12356PPH2_c	0.0
STSAP4_pl	0.1074489135316517
G3PD1_pl	0.0
NICOTIAS_c	0.0
SINAPALGT_c	0.0
METS_c	0.24829510610519598
PRET1_c	0.0
IPDPt2_plc	0.0
SULR_ferr_pl	0.11898652183465287
BENZCOAH_c	0.0
ASCBOR_c	0.0
EAR180x_m	0.0
SERD_L_c	0.0
icit_succ_tx_m__c	0.0
Kt2_ec	0.0
METGL_c	0.0
MERGTROLR_c	0.0
HC00955S_c	0.0
GTHDH_c	0.0
C24STR_c	0.0
6DP2M14BQM_c	0.0
EAR40x_pl	0.0
FA183ACPH_pl	0.0
NAR2_c	0.0
ABSH1_c	0.0
HMBS_pl	0.0406814100109049
3RLINALOOLS_c	0.0
3HAD180_pl	0.0
H4THDPS_pl	0.45959099461603353
GALU_c	5.095103357054738
JASI_c	0.0
PUNP7_c	0.0
FALDA_c	0.0
ACPCD_c	0.0
ASPT_c	0.0
SKMHCT_c	0.06066525444305981
PGM_c	-5.736204834263099
IAGT_c	0.0
GLYOX_c	0.0
FBA_pl	-37.4813625968632
DELPHINIDIN3OGIDEGT_c	0.0
PELARGONIDIN3OGIDEGT2_c	0.0
ACOADH1_c	0.0
R06568_c	0.0
RBK_c	0.0
PHYTOES_c	0.0
AM_A4_pl	0.0
3HLYTCL_c	0.0
SNORCOCLAURINES_c	0.0
ANXANASCOR_pl	0.0
GLYCLTt_cpl	-1.2564592347151862
G6Pt6_1_cpl	0.0
SINK_icit_c	0.0
H2MB4PRD_pl	0.0
CQMO_c	0.0
MALTt_plc	0.0
G6PIAB_pl	0.0
LDH_L_c	0.0
R06293_c	0.0
ACHAMS_c	0.0
CHLASE_c	0.0
SO4t2_ec	0.0
4ABZt_cm	0.0
CA2t_ec	1.0609422011061345
MI13456PK_c	0.0
3OAS100_pl	0.0
R03366_c	0.0
SPT_c	0.3882466691103568
SADT_pl	0.11898652183465287
GLYK_c	0.0
DOPABMO_c	0.0
ORNDC_c	0.0
FASYNTH3_pl	0.0
APR160_c	0.0
E4PD_c	0.0
NADPHQR5_c	0.0
5IEPIARISTOLOCHENES_c	0.0
TYMHT_c	0.0
XTSNH_c	0.0
ITRANSZEATINRBMPPRH_c	0.0
4AHM4BM5ACHOLESTA8EN3BOLMO_c	0.0
PHCD_c	0.0
OCDCEAt2_plc	0.0
ALCD24x_c	0.0
XYLS_c	0.0
NNAT_c	0.0
LEU_Lt_pl	-0.2735377579563532
GTHO_x	0.0
SINK_DCMP_c	0.0
URIK2_c	0.0
SINK_ala_L_c_c	0.0
GRTT_m	0.0
LPADSS_c	0.0
CHORM_pl	0.30788105888872047
ACPCS_c	0.0
PELARGONIDIN3ORUTINOSIDEGT_c	0.0
FACOAL160_c	0.010010227628575891
R2707_c	0.0
OP4ENS_c	0.0
HC00955H_c	0.0
SO4t_cv	0.0
14BXYLAN_7Ut_gc	0.0
PPBNGS_pl	0.16272564004361964
3OAR60_pl	0.0
GLU5K_c	0.0
GLUGLUb_pl	0.0
C3STDH1P_c	0.0
DHKAEMPFEROL35H2_c	0.0
PPTT__c	0.0
A1E_c	0.0
SINK_arg_L_c	0.0
CES2_c	0.07422969039934638
ARG_Lt2_cm	0.0
6DEOXCATHSTERS_c	0.0
3HBUTCOADH_x	0.0
SECOLOGANATES_c	0.0
GLYC3Pt_ce	0.0
OCBT_pl	0.24147832646761364
CYANIDIN35DGIDEAT_c	0.0
ASCBOR4_x	0.0
CINNM2H_c	0.0
HDCEAt2_plc	0.0
MALTh_pl	0.0
COUMARINS_c	0.0
1DEOXY1IMINOE4PS_c	0.0
CYSt_cpl	0.0
HMR_1549_c	0.0
R2370_c	0.0
RBFK_c	0.0
R07454_c	0.0
XYLTD_D_c	0.0
GA4DO_c	0.0
FUM_m	1.6862481184447495
ADNCYC_c	0.0
DSMSTOLR_c	0.0
PMDPHT_c	0.0
GA2DOc_c	0.0
LTA4H_c	0.0
MPEAMT_c	0.0
AM_A2_pl	0.0
DURADx_c	0.0
THP2CDH_c	0.0
ITKPK_c	0.0
TDSK_c	0.0
ETOHt_ce	0.0
UGLT_c	0.0
ACONTa_c	1.281088793764031
H2Ot_typl	-237.1862546868374
PYRtdiff_cpl	-0.5297621455794644
GSNK_c	0.0
METS_pl	0.0
MBDST_c	0.0
CAT_x	0.6277883902186626
42A12BOOX_c	0.0
IDOND2_c	0.0
G6PIAB_c	0.0
LEUTA_pl	-0.2735377579563531
MPTAT_c	0.0
ILEMO_c	0.0
CS_x	1.3322711418800175
ARGDC_c	0.0
ASCOXIDORED_pl	0.12204423003271476
OMCDC_pl	0.27353775795635304
PHOTONt_plc	-1000.0
OPR_c	0.0
MALT_c	0.0
ASPCT2_c	0.0
3HNMCOCLAURINEMT_c	0.0
FACOAL120_pl	0.0
PPIF6PK_c	0.0
NERYLPYROPS_c	0.0
G6PDH2_c	0.0
3BZOXPGLATES_c	0.0
6OMEMYCOLTRE6PP_c	0.0
PPC_c	0.0
PPDK_pl	0.0
PC1829Z12Z1839Z12Z15ZDS_c	0.0
ATPt_cx	0.0
GALLOCATECHINR_c	0.0
IND3ACETALDOXIMES_c	0.0
CDPMEK_pl	0.16272564004361964
NDPK6_pl	0.0
IG3PS_pl	0.30216907350805944
AIRC3_c	0.0
ACS2_c	0.0
DELPHINIDIN3O6OMALBGIDEGT_c	0.0
10HDHSANGUINARINEMT_c	0.0
NTD7_c	0.0
PRATPP_pl	0.3021690735080593
I3PL_pl	0.0
XAH_c	0.0
ACCOAC_c	0.010010227628575888
ABARS_c	0.0
acon_C_cit_tx_m__c	0.0
NADPHox_pl	0.0
FACOAE160_c	0.0
GALACTOSYLSEQUOYITOLS_c	0.0
TALA_pl	0.0
GDPDPK_c	0.0
ALCD2x_c	0.0
SINK_glyc_c	0.0
NH4t_cx	0.0
1PROPENYLSULFENATEI_c	0.0
MAN6PI_c	-0.018909734525597577
PHEACETOTHHXIMATEGT_c	0.0
2AHHMPt_cm	0.0
Pit6_erc	0.0
OLEANOLATEUGT_c	0.0
GHMT_m	0.0
PSI_plty	525.6274906263252
UAMAS_c	0.0
ACGAMPM_c	0.0
ca2_tx_v__v	0.0
HGNTOR_c	0.0
G6PADH_c	0.6199204923874978
SINK_asn_L_c	0.0
SOTA_c	0.0
SAM24MT_c	0.0
CYTDH_c	0.0
SSALx_m	0.0
GTPCI_c	0.0
RCCR_c	0.0
R07442_c	0.0
ADNK1_c	0.0
CO2tdiff_cpl	103.93203531728383
GDPDGLUCT6PS_c	0.0
EX_BORIC_eb	0.0
GALACTOPINITOLAS_c	0.0
MGDG1819Z1627Z10ZDS2_c	0.0
UDCPDP_c	0.0
GLXCL_c	0.0
EX_fe2_eb	0.0
PGIA_c	-0.6199204923874978
SINK_pro_L_c	0.0
PSLS_c	0.0
2DP6MEPS_c	0.0
PAPPT3_c	0.0
R2912_c	0.0
FA161ACPHi_pl	0.0
MTHFC_m	0.0
P5CD1p_m	0.0
PUNP6_c	0.0
MOAT2_c	0.0
SINK_g6p_c	0.0
R07675_c	0.018909734525597573
EX_mn2_eb	0.0
N6DIMALLA5PS_c	0.0
POLYAO2_c	0.0
GMPS_c	0.22207593912221943
IPPMIa_pl	0.2735377579563531
EX_PI_eb	-1.4653295043285932
MDHAR_c	0.0
H2CO3D_c	0.0
MPMT_pl	0.04068141001090492
EX_ala_B_eb	0.0
R05039_c	0.0
NDPK1_pl	0.8879668958788893
LARICIRESINOLRD_c	0.0
PRET3_c	0.0
UF3GTK_c	0.0
DHPS2_m	0.0
NH4t_ec	7.75450382729717
3OAR180_m	0.0
SINK_Starch_plb	0.0
4CMCOAS_c	0.0
GK1_pl	0.0
NIRP_c	0.0
R04686_c	0.0
HYPERFORINS_c	0.0
UPP3MT1_c	0.0
PHEOASE_c	0.0
PC1829Z18212ZDS2_c	0.0
AMPDA_c	0.09273984761297079
TREP_c	0.0
AMETAHCYSt_c	0.04068141001090491
PROAKGOX1r_c	0.0
CITICITt_cm	0.0
CPS_pl	0.0
ASCOX_c	0.0
3OAR180_pl	0.0
LEUAMDTR_c	0.0
D24STR_c	0.0
SINK_asp_L_c	0.0
R3363_c	0.0
MLTG1_c	0.0
MENDH_c	0.0
3MOPDC_c	0.0
G5SADs_c	0.2301084120310105
HISD_c	0.0
SOYASAPOGENOLBGT_c	0.0
PPHBTR_c	0.0
TRPTA_c	0.0
LDH_D_c	0.0
AMITP_c	0.0
MPML_pl	0.04068141001090492
CBMKr_pl	0.8613988188551116
thr_L_tx_h__pl	-0.241744337190882
HPXDH_c	0.0
2HDHCHELIRUBETMT_c	0.0
UDPDPS6_c	0.0
RNDR4_c	0.0
ADPRDP_c	0.0
NDPK5_c	0.0
NAMNPP_c	0.0
DGK1_c	-0.028391151172493058
SUCRt_ec	-3.994983137916299
HISDC_c	0.0
LCYG_c	0.0
R05092_c	0.0
MOMETSTEMONOX_c	0.0
NICOTINED_c	0.0
PDHcr_c	0.0
SINK_xylan4_c	0.0
56DURAt_cpl	0.0
PROGLUt_cm	8.916473911404548
PGI_pl	-0.8058668514873876
5HLTDL_c	0.0
3DEMQ10MT_c	0.0
SPHK21c_c	0.0
GTHHR_v	0.0
Pit4_ec	1.4653295043285934
MG2t_cer	0.0
GA24OX_c	0.0
R04276_c	0.0
ACHBS_pl	0.11480610520056037
ADK1_pl	9.716738219791159
EX_ca2_eb	-1.0609422011061345
DHMACARPINEOX_c	0.0
ACS_x	1.3322711418800177
BALAt_ec	0.0
XYLt_cg	0.0
SUCRt2_vc	0.0
COTININEH_c	0.0
NDPK8_m	0.0
NDPK1_m	0.0
SPODM_m	0.0
FLGLCTR_c	0.0
FALDH2_c	0.0
STSAP5_pl	0.10744891353165169
FTHFCL_m	0.0
SINK_gly_c	0.0
CITRASE_c	0.0
NTRLASE_c	0.0
M00955DH_c	0.0
SANGUINARINER_c	0.0
ARGtdiff_plc	0.24147832646761364
METACH_pl	0.0
OBFOOLOR_c	0.0
SALUTARIDINOLAT_c	0.0
INOSTO_c	0.0
DCADINENES_c	0.0
DCYTD_c	0.0
MOCOS2_c	0.0
CIALDH_c	0.0
HMR_1545NAD_c	0.0
GLUS_ferr_pl	2.918587688841986
IPENTA5DIPS_c	0.0
3OAS140_pl	0.0
OBDH_c	0.0
HACNHm_c	0.0
S7METHHEPTHXIMOYLCYSS_c	0.0
GGDPR3_pl	0.007856447512548378
24IEPICAMPDS_c	0.0
DHCR71r_c	0.0
ARDENDR_c	0.0
PINORESINOLS2_c	0.0
FAS161ACP_pl	0.0
HDR1_pl	0.04068141001090492
A5PISO_c	0.0
EX_etoh_eb	0.0
PEPPIt2_pl	0.0
R06294_c	0.0
ARACL_c	0.0
MNDH_c	0.0
GLUTRR_pl	0.32545128008723934
ICDHy_c	0.0
ABARBATENES_c	0.0
PHPHAOX_c	0.0
UAAGDS_c	0.0
X5PL3E_c	0.0
SINK_tyr_L_c	0.0
DOPAMT_c	0.0
ERIODICTYOLH_c	0.0
ALLTN_c	0.0
TPS2_c	0.0
CELBGH_c	0.0
XYS5_g	0.02249471618790992
IPDDI_m	0.0
HMR_1545_c	0.0
HFECOAL_c	0.0
GLYCK_pl	0.0
ARGD_c	0.0
GALTi_c	0.0
SINK_cys_L_c	0.0
GGDPR2_pl	0.007856447512548378
ATPM_pl	0.0
MMETDC_c	0.0
EAR60x_pl	0.0
4ABZS_c	-0.14151547647696058
P5CS_pl	0.0
MMALH_c	0.0
KDOPS_c	0.0
MANITL_c	0.0
OXAMALt_cm	0.0
ACALD_c	0.0
IPENTA5DIPH_c	0.0
GA24OX3_c	0.0
PGL_pl	0.0
CBR1_c	0.0
ATPS_typl	116.29553236654472
LANOSTD24_c	0.0
BTP_c	0.0
BARA1PP_c	0.0
NDPK6_m	0.0
ZAXANOR_pl	0.0
AROGDH_c	0.14151547647696022
OL3BGLC31GAL28GIDES_c	0.0
35DIHANILEMT_c	0.0
NDPK5_pl	0.0
PGMT_c	-5.095103357054737
PPPG9t_cm	0.0
ALIPDS_c	0.0
MG2t_cv	0.0
SINK_trp_L_c	0.0
CE2314MO_c	0.0
OCTDPS_c	0.0
NDPK7_m	0.0
M00961MO_c	0.0
NH4t_cv	0.0
GAAKORG11_c	0.0
DMPPt_plc	0.0
AACOAR_c	0.0
EX_K_eb	-0.7191821083128414
DAAD__c	0.0
CHOLST_c	0.0
GA44OX_c	0.0
PHYTCOADOX_c	0.0
MEVK1_c	0.0
METAT_c	0.12933609150924863
14BXYLAN_2Ut_gc	0.0
CYSS_c	0.0
MCCC_m	0.0
GLNGLUt_cm	0.0
NADHP_c	0.0
LNLNCAt_cer	0.0
ALLTAMH2_c	0.0
PPA_m	0.0
MI1346PKn_c	0.0
SO3tdiff_xc	0.0
ACK_c	-3.4116122547496746
R04801_c	0.0
FBP_c	10.502230293059334
2HGENISTEINDMAT_c	0.0
THFtdiff_cm	-0.6381176610288877
DVPCHLDR_pl	0.04068141001090492
CHOLD_c	0.0
DURAD_pl	0.0
5DKGR_c	-1.463134176850208
FFSD2_c	0.0
XYS8_g	0.02249471618790992
akg_succoa_tx_m__m	0.0
4NPHPP_c	0.0
ACRS_c	0.0
TKT1_pl	-36.164688182006415
DELPHINIDIN3OGYL5OCAFFEOYLGIDEGT_c	0.0
MCITDm_c	0.0
XYS11_g	0.02249471618790992
HMR_1494_c	0.0
NDPK2_pl	0.0
ESTSULT_c	0.0
LEU_Lt_cm	0.0
ACOAD9_m	0.0
LUTEOLINS_c	0.0
ASPR_c	0.0
LEUTA_m	0.0
BETALDHx_c	0.0
XYS10_g	0.02249471618790992
DIMBOAGLCH_c	0.0
PPPGO_1_pl	0.040681410010904924
DHQS_pl	0.5108075633694158
HMR_1503_c	0.0
LYSDC_c	0.0
INDPYRD_c	0.0
ATERPINEOLS_c	0.0
ARHGDx_c	0.0
NADPHP_c	0.0
UGMDDS_c	0.0
CS_m	0.0
3OACOAR_c	0.01001022762857589
EPCDO_c	0.0
UDPDPS3_c	0.0
PPNCL2_c	0.0
MI12345PP_c	0.0
TDPDRE_c	0.0
ALCD25x_c	0.0
R06291_c	0.0
EX_thm_eb	0.0
HISTASE_c	0.0
ILETA_pl	-0.11480610520056035
PEAMT_c	0.0
MI2PP_c	0.0
SUCFUMt_cm	-1.7134781361616103
GAAKORG4498_c	0.0
DHAPt2_plc	10.506264369758124
CMPt_ec	0.0
PADOX_c	0.0
ASPTA_c	8.283652449562862
NTPP5_c	0.0
GTHAMPOR_pl	0.11898652183465287
PSORALEN5MO_c	0.0
AGMH_c	0.0
FORt_cpl	0.0
SINK_lys_L_c	0.0
COTININED_c	0.0
ITRANSZEATINRBS2_c	0.0
AKGMALt_cpl	0.5670346341935438
DELP_GLCT_c	0.0
NADH11_mmi	0.7756081343664624
CO2tdiff_ec	107.37436975725879
ASPO6_pl	0.0
NICRNS_c	0.0
MET_Lt_cpl	0.0
ENCOAI121_c	0.0
1PYR5Ct_mc	0.0
TMDPP_c	0.0
AMPt_ec	0.0
ACCOAC_pl	0.0
DHCONIFERYLALCGT_c	0.0
AACOAR2_m	0.0
MANDELATER_c	0.0
NO2t_cpl	3.853477298497748
CYANIDIN3IOBDGIDEGT_c	0.0
G5SADs_m	0.0
PANTS_c	0.0
NICRNTN_c	0.0
SINK_phe_L_c	0.0
ENO_c	5.736204834263099
AKGt_cx	0.07669436144269233
AVENASTEROLDS_c	0.0
VINORINES_c	0.0
RADH_c	0.0
GMAND_c	0.0
GLUKBh_pl	0.0
OAADC_pl	2.1084366087600244
GND_pl	0.0
PNTK_c	0.0
NADPHox_x	0.0
TMSNIUMTHFM_c	0.0
FBA2_c	0.0
CES11_c	0.07422969039934638
CYSTGL_pl	0.0
suc_akg_tx_m__c	0.0
ADCS_pl	0.14151547647696064
HDS_pl	0.16272564004361964
HXPRT_c	0.0
C5STDS__c	0.0
MYRM_c	0.0
PSII_plty	118.5931273434187
GL1COACOAt_c	0.0
PHEt_cpl	-0.30788105888872047
HPALOX_c	0.0
AOBUTDs_c	0.0
OCDCEAt2_cer	0.0
H2Ot_cv	0.0
GERMACRENEAS_c	0.0
SUCCt_ec	0.0
DBE_pl	0.0
13DAMPPOX_c	0.0
LDH_D3_c	0.0
FACOAE120_c	0.0
R07869_c	0.0
BIOMASS_STEM_SLY_b	0.0
NDPK1_c	-5.7172950997296486
3M2BUTENALS_c	0.0
ARD_1_c	0.0
SINK_tmp_c	0.0
MGDG1829Z12Z1617ZDS_c	0.0
NMNN_c	0.0
G5SADs_pl	0.0
APRTO2_c	0.0
CYANIDIN3IOBDGIDAT_c	0.0
pumped_H_inost_tx_v__c	0.0
MG2t_ec	0.28437121530699244
CYEUOLCYCI_c	0.0
URO_x	0.0
O2tdiff_cm	2.110244642590778
CES4_c	0.07422969039934638
PC1819Z1839Z12Z15ZDS_c	0.0
RBPC_pl	106.79903495079084
GERMACRENEDS_c	0.0
FDH_pl	0.0
DHSANGUINARINEOX_c	0.0
METSOXR1_c	0.0
ACACT10_m	0.0
TRNFE_c	0.0
3DEOXYCAPSIDIOLDH_c	0.0
R07678_c	0.018909734525597573
GMPS2_c	0.0
TMTG_c	0.0
MI346P_c	0.0
DHNCOAT_c	0.0
GGCHLBSP_pl	0.0
SUCOAS_m	0.0
H2Ot_cx	1.4089655033227102
CYSTSY_pl	0.11895901459594731
MG2t3_v	0.0
S4MTHBUTYLHMOYLCYSS_c	0.0
PGM_pl	-1.021615126738832
AMPTASECG_c	0.0015829165546034105
GGBCLPHAR2_c	0.0
UDPGLDC_c	0.2699365942549191
TCYD_c	0.0
HMGTHDH_c	0.0
AM_AP3_pl	0.0
UPPRT_c	0.0
DHODH_mmi	0.6199204923874978
GTPCII2_c	0.0
NADHt_cr	0.0
IAAALAH_c	0.0
RBFSa_c	0.0
GART_pl	0.0
CHOLESTANOL22H_c	0.0
R05037_c	0.0
BACORADIENES_c	0.0
SALCS2_c	0.0
Q9OXIR_m	0.0
MALCITt2_cm	0.0
NICOTINEOX_c	0.0
BILIRED_c	0.0
TYR_Lt_cpl	0.0
BDG2HCGHD_c	0.0
NHLTRYPTAMINES_c	0.0
CAFFCOAMT_c	0.06066525444305982
TPI_pl	84.15231514862774
AGT_x	0.0
AMID3_c	0.0
CHSTEROLMO_c	0.0
ASAD_pl	0.9351004516034234
UDPXYLt_cg	0.2699365942549191
ALCD23x_c	0.0
OAASUCCt_cm	0.0
MALt2_cm	7.230225792959798
OLEANOL6BGLUC31GALACS_c	0.0
ECOAR_c	0.01001022762857589
FTAL_c	0.0
PPA_c	6.420495642259317
OPAH_c	0.0
4MTHBUTHMATES_c	0.0
4PPANS_c	0.0
4AMBUAT_c	0.0
PHEt2_plc	0.0
FAS183ACP_pl	0.0
LUPEOLS_c	0.0
DDECDPS_c	0.0
DGNSK_c	0.0
NNAM_c	0.0
SINK_thr_L_c	0.0
GLYCLTt3_plc	0.0
DTDLACH_c	0.0
HDHBMT_c	0.0
DKMD3M_c	0.0
MI234TPPP_c	0.0
ACPCBO_c	0.0
TRE6PS_c	0.0
XU5PDPIt_pl	0.0
XYLK_c	0.0
10OXOGERANIOLRD_c	0.0
10HGERANIOLDH_c	0.0
SINK_leu_L_c	0.0
ADK1_c	-2.8889084426896563
SINK_gmp_bc	0.0
PROTOPINEH_c	0.0
IAALEUH_c	0.0
5CLTRANSDIENELACTONEH_c	0.0
MTRK_c	0.0
NDPK4_c	0.0
OCDCEAt2_cx	0.0
PURINEDH_c	0.0
CYTB6F_typl	262.8137453131626
MI3PP_c	0.0
UA3GTD_c	0.0
MDH_c	-2.5107609223812006
ACONTa_m	0.0
PGCD_pl	3.019302597322536
CRINOSTEROLS_c	0.0
3OAS180_pl	0.0
FACOAE100_c	0.0
OCDCEAH_c	0.0
STSA4_pl	0.026862228382912922
MGDG1839Z12Z15Z1627Z10ZDS_c	0.0
MALSO4t_cm	0.0
PURINEH_c	0.0
MGDG1839Z12Z15Z1829Z12ZD_c	0.0
5DGLCNR_c	-1.4631341768502082
GAPD_c	7.7756823230398995
HDCAt_cer	0.0
GA28OX_c	0.0
OCDCAt_cx	0.0
CYSTALY_pl	-2.7949514632725595e-16
IAIAT_c	0.0
ALLOC_c	0.0
R3058_c	0.0
GERANIOLS_c	0.0
CES3_c	0.07422969039934638
ASCPOX_c	0.0
CES5_c	0.07422969039934638
KDOPP_c	0.0
CMPA_c	0.0
IPENTADENINES_c	0.0
G6PIA_pl	0.0
CLPGR_c	0.0
XYLUR_c	0.0
6OMYCOLTRE6PP_c	0.0
56DURAt_cr	0.0
SINK_5oxpro_c	0.0
CISZEATINGT_c	0.0
PFK26_c	0.0
AACTOOR_c	0.0
SINAPATEGT_c	0.0
GALOX2_c	0.0
PTA_c	-0.010010227628575886
DEBUG_ELLIOT_ALA_B_c	0.09065434892171437
CYSt_cm	0.0
PC1829Z12Z1819ZDS_c	0.0
GLYt_cx	-1.2555767804373248
FNORD_c	0.0
DHKOOR_c	0.0
OAAt3_cm	0.0
PC1819Z1819ZDS_c	0.0
DPCOAK_c	0.0
PGL_c	0.6199204923874978
I3METHCYSS_c	0.0
SINDMTHHMOYLCYSS_c	0.0
HCQT_c	0.0
DDPA_pl	0.5108075633694159
R03738_c	0.0
MGDG1819Z160DS_c	0.0
3DIMSNIODPALDH_c	0.0
FARCL_c	0.0
TRE6PP_c	0.0
LNLCt_cer	0.0
ACOAD8_m	0.0
RNDR2_c	0.028391151172493058
R03809_c	0.0
AGPRi_pl	0.24155584686760218
ID3ACALDOX_c	0.0
CONIALDHGT_c	0.0
UDPG46DH_c	0.0
PG1829Z12Z160DS_c	0.0
CTHEX_c	0.0
HSK_pl	0.4755094569873898
CHLSTR_c	0.0
MI12BPP_c	0.0
MTAN_c	0.0
SER_Lt_plc	1.3651403292344264
ADMDC_c	0.0
PRASCS_pl	0.5857978223708299
PINORESINOLR2_c	0.0
CHLBR_pl	0.0
SACCD4_c	0.0
SBP_pl	36.16468818200641
BCAPHYS_c	0.0
GLNS_pl	4.937945074942532
UGLYCH_c	0.0
GA12OX6_c	0.0
DHKALAFUNGINS_c	0.0
ASPt_cpl	5.945735231661815
BCHAMIGRENES_c	0.0
GLYt_cpl	-0.8879668958788919
RPI_c	-0.6199204923874979
MGCH_m	0.0
TYMT_c	0.0
CONOHDH_c	0.032675827387775885
GTHDH_pl	0.0
HMR_1536_c	0.0
UAPGR_c	0.0
TYRCBOX_c	0.0
NDPK6_c	0.0
GA19OX2_c	0.0
CITt_cx	-1.3322711418800177
URATEt_xc	0.0
HISTDADH_pl	0.30216907350805944
DHORt_cpl	0.0
CES6_c	0.07422969039934636
R05038_c	0.0
ATPt3_x	0.0
7ODGYLAPIGENINMT_c	0.0
DGDG183182DS_c	0.0
CDPGLYCPP_c	0.0
HDCEAt2_cer	0.0
GRDPt2_plc	0.0
MIMOSINES_c	0.0
UGGLALAALAL_c	0.0
LCYA_c	0.0
ADNUC_c	0.0
SUCRt_cv	0.0
SINK_DGMP_c	0.0
CYSST_m	0.0
PDX5PO_c	0.0
3OAS80_pl	0.0
GLUR_c	0.0
GLUTRS_pl	0.3254512800872392
HISOLPDH_pl	0.3021690735080595
IND3ACS__pl	0.0
ZEAFARNESENES_c	0.0
GRGT_c	0.0
PPND2_pl	0.0
3HAD140_pl	0.0
PYRDC_c	0.0
DMAPP_AMPIT_c	0.0
ZBOCIMENES_c	0.0
PUNP5_c	0.0
ASCOXIDORED_c	0.0
AGDI_c	0.0
pro_L_tx_h__pl	0.0
ACUPRENENES_c	0.0
OCDCEAMT_c	0.0
GAAKGOR4_c	0.0
CONALDHS_c	0.0
GDPMANNE1_c	0.018909734525597573
OCTADECENEDIOATES_c	0.0
AMPt_cpl	4.995149636935829
MI1456PK2_c	0.0
34DHBALDMT_c	0.0
XAOx_c	0.0
FA120ACPH_pl	0.0
HCYSMT2_c	0.0
14BXYLAN_11Ut_gc	0.0
R2341_c	0.0
UMPt_ec	0.0
BSMT2_c	0.0
XYS12_g	0.022494716187909925
TRPt_cpl	-0.06141102800373511
PPDK_c	0.0
DGDG1829Z12Z1829Z12ZDS_c	0.0
EX_mg2_eb	-0.28437121530699244
UAGPT3_c	0.0
COALDDH_c	0.0
HSDy_pl	0.4755094569873898
MALDH3_pl	5.408529110803262
OHPHM_c	0.0
FE2t1_ec	0.0
14BXYLAN_12Ut_ce	0.0
9Z11E14Z13SHPEROCTDECTRENOATEDH_c	0.0
NADKIN_x	0.0
SDPDS_pl	0.0
14BXYLAN_4Ut_gc	0.0
SRETICULINEOX_c	0.0
P5CD_m	0.0
PAL_c	0.09984778709562296
3H15DHLUBIMINS_c	0.0
HMR_1548_c	0.0
ACITL_c	0.0
RE1978C_c	0.0
MALST_c	0.0
MI1234PS_c	0.0
3OAR120_pl	0.0
MLTHFt_cpl	-1.4737647182497262
ACP1829Z12ZD12DS_pl	0.0
ARGLYSt_cm	0.0
MI1PP_c	0.0
HSST_c	0.0
PYDXD_c	0.0
DESACETOXYVINDINE4H_c	0.0
PC1829Z12Z1627Z10ZDS2_c	0.0
GLUCYS_c	0.001555409315897822
FRUt_ec	0.0
EX_cmp_eb	0.0
HCYSMT_c	0.0
UREA_c	0.0
FBA3_pl	36.16468818200641
5IEPIARISTOLOCHDH_c	0.0
HIS_Lt_cpl	-0.3021690735080595
DHAD1R_pl	0.5817186211984918
CTS_cx	0.0
3HBCDH_c	0.0
ORNCD_c	0.0
APPNNS_c	0.0
MMSAD3_c	0.0
43AC5H4OXO14DHNPTHL2YL3HBUTS_c	0.0
GGBCLPHAR3_c	0.0
BZALCAT_c	0.0
PRAIS_pl	0.5857978223708299
PETHCT_c	0.0
3BH4BM5ACHOLEST7ENE4ACS_c	0.0
5IEPIARISTOLOCHENEDH_c	0.0
LYS_tx_h__pl	-0.4595909946160333
C01041R_pl	0.061022115016357376
Ht_gc	0.269936594254919
SERAT_m	0.0
PC1819Z1829Z12ZDS_c	0.0
ASCBOR2_c	0.0
PGMT_pl	-0.8058668514873878
G6PDH2_pl	0.0
GA25H_c	0.0
DBTS_c	0.0
FER5H_c	0.0
5DHAVENASTEROLR_c	0.0
Ht_cpl	0.0
IMPD_c	0.22207593912221946
P5CR2_c	0.23010841203101123
GGBCLPHAR_c	0.0
PFK_pl	0.0
SDNPAS_c	0.0
DIBOAOX_c	0.0
DPMVD_x	0.0
GLUCT_c	0.0
IPPS_pl	0.2735377579563531
pumped_H_fru_B_tx_v_IR__v	0.0
G5SD_pl	0.0
PPPGO_1_m	0.0
3H3C45CPHEX5ENOATE_c	0.0
BMENECPPYRAT_c	0.0
SINK_cit_c	0.0
ALCD22x_c	0.0
AIRC_pl	0.5857978223708299
GLU5K_pl	0.0
OAAAKGt_cm	-7.636141507021542
CHLBSP_pl	0.007856447512548378
FNOR_pl	221.88739217342695
EX_cu2_eb	0.0
HCONMET_c	0.027989427055283938
OCDCAt_cer	0.0
R00640_c	0.01890973452559758
NADS1_c	0.0
ABTD_c	0.0
MCD_c	0.0
SBT6PASE_c	0.0
FA1819ZACPH_pl	0.0
SHSL1_pl	0.0
ONRCITt_c	0.0
r1384_c	0.0
OAAICITt2_cm	0.0
SPODM_c	0.0
DHORt_cmi	0.6199204923874978
NTPP3_c	0.0
MDHASCBL_pl	0.0
CALAt_cr	0.0
14BXYLAN_3Ut_gc	0.0
GLGC_pl	0.8058668514873876
ALOX8_c	0.0
CBPS_pl	0.0
XYLI1_c	0.0
EAR80x_pl	0.0
G6PIB_pl	0.0
AI4AH_c	0.0
VALt_cpl	-0.3081808632421386
PC1819Z160DH_c	0.0
COTININED2_c	0.0
R3119_c	0.0
EX_CO2_eb	-107.37436975725879
R07445_c	0.0
HYPOGLYCINATP_c	0.0
CYTD_c	0.0
BZALOX_c	0.0
LACZ2_c	0.0
VETISPIRADIENES_c	0.0
PRAGS_pl	0.5857978223708301
fum_tx_h__pl	-1.7152430447173328
23DIMMALL_c	0.0
EKEOOXRED_c	0.0
DMATT_m	0.0
S5METHPENTHXIMOYLCYSS_c	0.0
EX_NO3_eb	-3.877251913648585
GLUFIMT_c	0.0
SDH_c	0.0
R07489_c	0.0
CHAVICOLMT_c	0.0
3HEXOX_c	0.0
AKGt_ec	0.0
UDPDPS5_c	0.0
MTHFD_m	0.0
63PSTP_pl	0.0
CHYA1_c	0.0
GLUDC_c	0.0003625954193009387
5MTHFt_cpl	0.0
ME2_pl	0.0
PYRt2_cm	0.0
AM_AP2_pl	0.0
SHCHF_c	0.0
BOCS_pl	0.0
GLUN_c	0.0
3HBCD_m	0.0
SO4t2_vc	0.0
5HOXINDACTD_c	0.0
S6MHHMCYSS_c	0.0
MDHASCBL_m	0.0
3HAD100_pl	0.0
GLUDx_m	-7.636141507021543
CISZEATINOX_c	0.0
DHQD_pl	0.5108075633694158
DOPASULT_c	0.0
IDITDEH_c	0.0
EX_cobalt2_eb	0.0
PHYCBOXL_c	0.0
SINK_met_L_c	0.0
SPMS_c	0.0
CE2314MO2_c	0.0
MTHFD_c	1.473764718249724
KDOCT2_c	0.0
reac_902_v	0.0
acon_C_akg_tx_m__c	0.0
C3STKR1_c	0.0
OCDCAt_plc	0.0
TD25COAI_c	0.0
NADt_cr	0.0
3HPCOAHYD_m	0.0
ONRCITt_pl	0.0
TROPINEAT_c	0.0
MI145PK_c	0.0
MG2t_cpl	0.04068141001090492
GIBBA12ALDOX_c	0.0
HC00718CT_c	0.0
TDPGDH_c	0.0
C22STDS_c	0.0
ADES_c	0.0
NMDH_c	0.0
DADA_c	0.0
SINK_mal_L_c	0.0
R01941_c	0.0
TMDS_pl	0.0
RPE_c	0.0
G1PTT_c	0.0
Ht_cmi	3.6496232204505956
CBMD_c	0.0
PDX5PS2_c	0.0
CHRYSOSPLENOLCMT_c	0.0
NADK_c	0.0
SALCS3_c	0.0
SSALy_c	0.0
EX_glyc3p_eb	0.0
LNS14DM_c	0.0
SULR_c	0.0
R2492_c	0.0
SECOILARICIRESINOLDH_c	0.0
NITR_c	3.8534772984977477
PPYRDC_c	0.0
DGDG1829Z12Z1829Z12ZDS2_c	0.0
Ht_mim	0.0
RE1537C_c	0.0
ASNN_c	0.0
PRUNINRT_c	0.0
akg_coa_tx_m__m	0.0
PG1829Z12Z160DS2_c	0.0
OXOCNNMCOAS_c	0.0
C3STDH1_c	0.0
ASPCT_pl	0.6199204923874978
18CINEOLES_c	0.0
UDPDPS4_c	0.0
PGLYCP_pl	1.256459234715186
INSK_c	0.12933609150924863
STERCULATES_c	0.0
FMNRy_c	0.0
GA36OX_c	0.0
FACOAE181_c	0.0
CONIFERINGLCASE_c	0.0
HMR_1493_c	0.0
PIt_cmi	8.916473911404548
4M3OPDH_c	0.0
PPGPPDP_c	0.0
DXS_pl	0.16272564004361964
ARGSS_pl	0.24147832646761366
MTHFR2_c	0.24829510610519592
LNL13HPL_c	0.0
RE1834C_c	0.0
LACGALH_c	0.0
SUCC_SO4t_cm	0.0
AZINGIBERENES_c	0.0
HMR_1509_c	0.0
CYTDO_c	0.0
UDPt_gc	0.2699365942549191
SINK_val_L_c	0.0
UBOXM_m	0.708320235404715
ADPRPP_c	0.0
PYAM5PO_c	0.0
TYRt2_plc	0.0
BERGAPTOLMT_c	0.0
3DPHBMO_c	0.0
AHCAMPESTEROLDH_c	0.0
DGDG1839Z12Z15Z160DS_c	0.0
ETHEROLEATES_c	0.0
GALEPI_c	0.0
q9_q9h2_tx_m__m	0.0
MGDG1819Z1637Z10Z13ZS_c	0.0
HISTP_pl	0.30216907350805944
NTP3_c	0.0
SER_Lt_cm	0.0
PHOTONt_ce	-1000.0
EX_zn2_eb	0.0
2DOXG6PP_c	0.0
HC01842CTDT_c	0.0
UGCIAMH_c	0.0
FUMt2_2_cv	0.0
ABAOX_c	0.0
1KESTOTOSEH_c	0.0
ALLIINL_c	0.0
BAMYRINS_c	0.0
CKININS_c	0.0
HMR_1550_c	0.0
MOHMT_c	0.0
CYANIDIN5OGIDEGT_c	0.0
GTHS_c	0.0015829165546034107
2DHPANTOLACTONER_c	0.0
CYARTMT_c	0.0
DHFR_c	0.0532853240579929
68DHPURINES_c	0.0
SHSL2_c	0.0
EX_NH4_eb	-7.75450382729717
GRTT_pl	0.04068141001090491
CITSUCCt2_mc	0.0
PUNP1_c	0.0
GLYCAt_cx	0.38824666911035677
FRDPt2_plc	0.0
ARABR_c	0.0
SINK_b14glucan_c	0.0
EX_inost_eb	0.0
8HABSCISATED_c	0.0
SPODM_x	0.0
2OXOADPTm_c	0.0
35DIMEPHMT_c	0.0
DXR_pl	0.1627256400436196
AHCYSNS_c	0.0
GUABUTASE_c	0.0
BDH_c	0.0
NERSYNTH_c	0.0
FRUCK_c	0.0
FACOAE140_c	0.0
ANS_pl	0.061411028003735164
FACOAE180_c	0.01001022762857589
LDH_Q9_c	0.0
C8STI_c	0.0
PYDXK_c	0.0
PMANM_c	-0.018909734525597577
PC182N6160DS_c	0.0
UPP3S_pl	0.04068141001090491
OAACITt2_cm	3.1699061015936392e-15
HMR_1539_c	0.0
GAPDH_pl	210.51495806120522
EX_fru_eb	0.0
PHYTOLK_c	0.0
CATECHOLMT_c	0.0
UMPU_c	0.0
mal_L_pumped_H_tx_v__v	0.0
HEX4_c	0.0
DHFR_pl	0.0
ATPM_c	0.0
PYNP2r_c	0.0
ADSK_c	0.0
FTHFL_m	0.0
CHDISO_c	0.0
MALICIT_tx_m__c	0.0
DELPHINIDIN3O6OMALBGIDE3OGIDEGT_c	0.0
GTHO_c	0.0
SALSYN_c	0.0
PRGSTRNDH_c	0.0
14BXYLAN_9Ut_gc	0.0
DPE2_c	0.0
PYK_c	7.852961325702861e-12
23ITPROANTHOCYANIDINS_c	0.0
SS_er	0.0
HACD9_m	0.0
GRGRBACTERIOPHEOPHYTINRD_c	0.0
DHCHELIRUBINEH_c	0.0
H2Ot_cr	0.0
EEAFARNESENES_c	0.0
CCAFFEATEDEG_c	0.0
SO4t_xc	0.0
ORNTAC_pl	0.24155584686760218
GLYCAt_cpl	0.0
NICMONOX_c	0.0
EX_cl_eb	-0.2912390355977618
MLTHFt_cm	0.6381176610288877
6G6KESTOTOSEH_c	0.0
RNDR1_c	0.0532853240579929
CMBLD2_c	0.0
TYMHCT_c	0.0
urea_tx_m__m	0.0
UA4E_c	0.0
SYNALDH_c	0.02798942705528394
NEOXISO_c	0.0
OHPBAT_c	0.0
3BHANDROST5EN17ONE3SS_c	0.0
ACGAMK_c	0.0
EAR180x_pl	0.0
MGDG1829Z12Z160S_c	0.0
ELMS_c	0.0
CHLASP_pl	0.0
4ABZt_cpl	-0.1415154764769606
ADCL_pl	0.1415154764769606
HMGL_c	0.0
FCLT_c	0.0
3OAR160_pl	0.0
M00960MO_c	0.0
PG1839Z12Z15Z160DS_c	0.0
G1SAT_pl	0.3254512800872393
CATOX_c	0.0
CYTDK2_c	0.0
PSCVT_pl	0.5108075633694158
FTHFL_pl	0.0
FRUt_c	0.0
STDEG_pl	0.0
FTR_c	0.0
MDH_x	-0.3882466691103568
SYRINGINS_c	0.0
HEMEOS_c	0.0
NDPK3_pl	0.16272564004361964
GK1_m	0.0
GWD_pl	0.0
MITKP_c	0.0
ADPGLC_pl	0.0
SINK_ascb_L_c	0.0
IPRODEA_pl	-2.7949514632725595e-16
R08052_c	0.0
RVICIANINH_c	0.0
JAOMETR_c	0.0
NADKIN_c	3.9379359335238224e-14
IFUCOSTEROLR_c	0.0
TRAUMATINS_c	0.0
MTHFC_c	1.473764718249724
PFK_c	0.0
AGMCT_c	0.0
OLEANOLATE3BGLUCURONOSIDE28GIDES_c	0.0
MALACONt2_cm	0.0
THYDROGRGRBACTERIOPHEOPHYTINRD_c	0.0
R07863_c	0.0
MI1234PP_c	0.0
GCS_m	-0.6381176610288877
AMID_c	0.0
CYSS2_c	0.0
EX_NA1_eb	-0.2912390355977618
GLNS_c	0.0
3SALATA_c	0.0
GLUt2_cm	0.0
PMGDS_c	0.0
MLTP4_c	0.0
4MOPDC_c	0.0
ME1_m	0.0
CKININXT_c	0.0
PROTOPINS_c	0.0
AHCYSDA_c	0.0
SFGTH_c	0.0
GGCHLAS_pl	0.03282496249835654
PAPSt_cpl	0.0
R02068_c	0.0
EX_H_eb	0.0
MALt2_2_vc	0.0
MALTt_ce	0.0
13ADPYRROLINIUM_c	0.0
5PMEVt_xc	0.0
NADTRHD_er	0.0
IAAGLUS_c	0.0
DICtm_cm	0.0
UA3GTP_c	0.0
UGE_c	0.0
CHORt_cpl	0.0
ASL_pl	0.5857978223708299
DPE1_pl	0.0
O2tdiff_cx	0.6277883902186626
XYS6_g	0.02249471618790992
CITRt_cpl	0.0
AGGLAS_c	0.0
DAPATR_pl	0.45959099461603353
CKDH2_c	0.0
PPA_x	1.3322711418800177
IDOND_c	0.0
PYK_pl	0.0
GARFT_pl	0.58579782237083
DCMPDA_c	0.053285324057992904
COUMADH_c	0.03918253265256315
OXAOX_c	0.0
glucys_tx_h__cpl	-2.750723870558871e-05
SC4MMO_c	0.0
CITRHISt_c	0.0
MI12356PPH_c	0.0
R07429_c	0.0
ICITt_cx	0.0
3HAD40_pl	0.0
CHORS_pl	0.5108075633694158
MI3K_c	0.0
GERMACRENECS_c	0.0
32PROPACID46HCHEX25DIENONES_c	0.0
ORPT_c	0.6199204923874979
ASPO5_c	0.0
NDPS_c	0.0
TREH_c	0.0
CE2211DH_c	0.0
QULNS_pl	0.0
XYS4_g	0.02249471618790992
THRD_c	0.0
NDPK4_pl	0.0
2OXO3CARBOXY45CPHEX5ENOATES_c	0.0
R2388_c	0.0
CAFFEINES_c	0.0
XYS2_g	0.022494716187909918
6PSTP_pl	0.0
SUCCt_cx	0.0
FLVR_c	0.0
SPHPL_c	0.0
3OAS160_pl	0.0
GA25OX_c	0.0
NMNAT_c	0.0
37OMQUERCETINMT_c	0.0
BAPATR_c	0.0
GA20DO_c	0.0
DTMPK_c	0.0
THDPS_pl	0.0
ICDHy_pl	0.0
GGCT_c	0.0015829165546034107
PC1829Z12Z1819ZDS2_c	0.0
FA180h_pl	0.0
PTA2_c	0.0
FA180ACPH_pl	0.0
SERDC_c	0.0
GLYCLTDy_pl	0.0
GA44OX2_c	0.0
PELARGONIDIN3OGIDEGMT_c	0.0
GTHDH_x	0.0
PDMETP_c	0.0
SPODM_pl	0.0
TRETRANSMEMMYCS_c	0.0
CES7_c	0.07422969039934636
SUCS__c	0.7596565406844904
NDPK3_m	0.0
BAMPPALDOX_c	0.0
FLAVLY_c	0.0
SPPS2_c	0.0
PC1819Z160DS2_c	0.0
MDHASCBL_c	0.0
SEPHCHCS_c	0.0
GTPDPDP_c	0.0
ABUTtdiff_ec	0.0
NADPHox_m	0.0
DCT_c	0.0
IMENTHONEDH_c	0.0
2OXOPENTA34DIENOATES_c	0.0
NMPTRCOX2_c	0.0
PELARGONIDIN3OGIDEHCT_c	0.0
3MTHPDSGLATESULT_c	0.0
GA17OX_c	0.0
EX_UMP_eb	0.0
ANXANOR_pl	0.0
PSY_c	0.0
GLYTA_x	1.6438234495476816
AGASNN_c	0.0
CES8_c	0.07422969039934636
MENTHOLDH_c	0.0
CO2tdiff_cx	0.0
PC1819Z1613EDS_c	0.0
EAR160x_pl	0.0
CYSS_m	0.0
LTDCL_c	0.0
HYOSCYAMINE6H_c	0.0
HMR_1504_c	0.0
AROAT_pl	0.30788105888872047
CHOLMO_c	0.0
CAO1_pl	0.007856447512548376
AOXS_c	0.0
IND3YLACMIS_c	0.0
PGISr_c	0.0
GERMACRENEDS2_c	0.0
AKGDH_m	0.0
IPDDI_x	0.0
AAMYRINS_c	0.0
VALTA_pl	-0.3081808632421386
FUMAC_c	0.0
HMGCOAR_c	0.0
HMR_1540_c	0.0
FLAS_c	0.0
SGSAD_c	0.0
R03341_c	0.0
OL3BGLCIDE31GALIDE28GIDES_c	0.0
DNTPPA_c	0.0
CAT2_c	0.0
NDPK8_c	0.0
SPP_c	4.7682967090915
EX_SO4_eb	-0.38050728849386867
PPHITR_c	0.0
ASCPOX_x	0.0
GLCUR1PUT_c	0.0
GLUCD3b_m	0.0
TMDPK_c	0.0
D7OMT_c	0.0
PPYAT_c	0.0
HMR_1538_c	0.0
PRMICI_pl	0.3021690735080594
GLUTRS_c	0.0
MTHPTGHMr_c	0.0
3HAD60_pl	0.0
MTHFD_pl	-4.4144799978662495e-15
GRTT_c	0.0
UFAGT_c	4.768296709091499
MOAT_c	0.0
POLYAO3_c	0.0
TRDR_pl	0.0
NTD10_c	0.0
CYANST_c	0.0
ECOAH9_m	0.0
CHORM_c	0.14151547647696025
PCLPHR_pl	0.04068141001090492
PUNP2_c	0.0
VPS_c	0.0
2OXBUTOR_c	0.0
FBP26_c	0.0
SUCR3_c	0.0
PHYNS_c	0.0
R02193_c	0.06066525444305983
HTHRPD_c	0.0
PDH_pl	0.0
MGDG1829Z12Z160DS_c	0.0
14BXYLAN_6Ut_gc	0.0
PPNDH_pl	0.0
PROD2_m	0.0
14BXYLAN_5Ut_gc	0.0
13SPSYLOXDC66DACDA_c	0.0
IMDHT_pl	0.2735377579563531
LCYB_c	0.0
DMATT_c	0.0
GGCHLAR1_pl	0.032824962498356536
GTHDH_m	0.0
FA1821ACPH_pl	0.0
SER_Lt_cx	-0.38824666911035677
MI3PS_c	0.0
LARICIRESINOLR_c	0.0
2COUMGT_c	0.0
GA12OX5_c	0.0
GTPDPK_c	0.0
MALS_x	0.0
STSA6_pl	0.026862228382913547
AGMIS_c	0.0
DAPDC_pl	0.45959099461603353
34DHOXMANDS_c	0.0
MI12356PP_c	0.0
RPE_pl	-72.84018392738223
GLUPRT_pl	0.5857978223708301
4AHM4BM5ACHOLESTMO_c	0.0
EX_amp_eb	0.0
AROOR_pl	0.0
URIC_c	0.0
XAND_c	0.0
IALLIINL_c	0.0
CKININGT_c	0.0
ASPTA_m	0.0
M14BQR_c	0.0
ITRANSZEATINRBMPS_c	0.0
ACSRTNMT_c	0.0
3OAS120_pl	0.0
GAAKORG15_c	0.0
CYSTS_pl	0.0
FACOAL80_c	0.0
ADPt_cpl	-5.580947459306648
BDEMALSALVIANINGMT_c	0.0
IMPC_pl	0.8879668958788892
GTHS_pl	0.0
3PGt2_cpl	2.0394774887768015
MI145PP_c	0.0
DAPE_pl	0.4595909946160335
17ODEACVINDINEAT_c	0.0
DHPM1_r	0.0
R2900_c	0.0
GLNGLUt_cpl	-0.34266616337013084
SHCHD2_c	0.0
TAGS_c	0.0
RNAMT_c	0.0
NADHox_Cyto_c	0.0
H2St_cm	0.0
7ODGYLAPIGENINRT_c	0.0
UA3GTC_c	0.0
37DMQUERCETAGETINMT_c	0.0
NCCt_ec	0.2912390355977618
14BXYLAN_8Ut_gc	0.0
2DP6MEPH_c	0.0
FBP_pl	37.48136259686321
3OAR140_pl	0.0
MARMESIN_c	0.0
MI12PP_c	0.0
CYTK1_c	-0.2273466304210189
MI1345PKn_c	0.0
DHNPA_c	0.0
M00963MO_c	0.0
AMMQT8_2_c	0.0
GNK_c	0.0
CQHCT_c	0.0
4UR5IMCAH_c	0.0
AATA_c	0.0
SINK_his_L_c	0.0
HDR2_pl	0.12204423003271471
GGCHLAR3_pl	0.032824962498356536
CONOL5H_c	0.0
CYOR_q9_m_mmi	0.0
GLYD_x	-0.38824666911035677
BZOTCOA_c	0.0
O2tdiff_cpl	-116.76132117663408
NADK_pl	0.0
TMDK1_c	0.0
EX_H2O_eb	-78.25315294170842
ACt_cm	0.0
SDPTA_pl	0.0
R08076_c	0.0
GIBBA12OX_c	0.0
ACORNt_cpl	0.0
HCAR_pl	0.0
AROHL_pl	0.30788105888872047
LNLCt_plc	0.13743208348398972
NO3t3_ec	3.877251913648585
G6PADH_pl	0.0
ALDD8_c	0.0
CYANIDIN3PCOUMGIDEGT_c	0.0
LNLNCAt_cx	0.0
ILE_Lt_plc	0.11480610520056035
MDHAR_m	0.0
NOS_m	0.0
3HAD160_pl	0.0
HDCAt_plc	0.07111432544467455
1NAPHTHALOX_c	0.0
DHZ9NGGT_c	0.0
MGDG1829Z12Z1839Z12Z15ZDS_c	0.0
VNDH_3ox_c	0.0
H2SO_c	0.0
EBFARNESENES_c	0.0
ARGHISt_cm	0.0
LNLCt_cx	0.0
CBMKr_m	0.0
EUGENOLMT_c	0.0
ADSL1_pl	0.8879668958788893
ANTHCT_c	0.0
MME_c	0.0
A3OAT_c	0.0
MAL_tx_x__c	0.38824666911035693
DMBZIDS_c	0.0
MDH_pl	0.0
CAMPEST4EN3BOLS_c	0.0
4MTHBUTYLHYDROXIMATEGT_c	0.0
3HAD80_pl	0.0
DECDPS_c	0.0
3OAS60_pl	0.0
34DHPLACOX_c	0.0
CYNTL_c	0.0
HMGCOAS_c	0.0
ACOAH_m	0.0
IPDPt2_xc	0.0
SERAT_pl	0.11898652183465287
HSTDH_c	0.0
GLUGLUa_c	0.0
BZALCBT_c	0.0
EX_O2_eb	113.9346334623263
HOLEDH_c	0.0
T2HEXENOLDH_c	0.0
3OMQUERCETINMT_c	0.0
GUAPRT_c	0.0
DCUPRENENES_c	0.0
CPLX4_mmi	0.6936041717813487
ABSCISATEGT_c	0.0
Q9OXIR_c	0.0
GDH2_c	0.0
NARGNHOX_c	0.0
CYH_c	0.0
SUCCD1_m	-0.027230017716860514
CANALINES_c	0.0
BAMPPALDOX2_c	0.0
SBPP2_c	0.0
HCO3E_m	0.0
ARGCITRt_cm	0.0
MANPGH_c	0.0
TRDR2__c	0.0
AMPN_c	0.0
2H3C45CPHEX5ENOATES_c	0.0
DMETALAMOX_c	0.0
OIVD1_m	0.0
5IEXOHCAMPHORDH_c	0.0
Pit6_mim	8.91647391140455
ALATA_L_m	0.0
34DHPHAMT_c	0.0
OIVD2_m	0.0
COUMSKMMO_c	0.06066525444305981
MACCOAT_c	0.0
POMT_c	0.0
5HCONOHDH_c	0.0
D7ST56DSAT_c	0.0
ACGK_pl	0.24155584686760218
ATPt3_erc	0.0
NDPK3_c	-0.30902310565150487
MI3456P_c	0.0
PHS2_c	0.0
BTNS_c	0.0
DELPHINIDIN3OGIDEGMT_c	0.0
AM_AP4_pl	0.0
GLUCYS_pl	2.7507238705588708e-05
HCO3E_c	0.01001022762857589
FACOAL180_r	0.0
IMENTHONES_c	0.0
NICOTINED15IMINIUMOX_c	0.0
1DEOXYCAPSIDIOLDH_c	0.0
THUJOPSENES_c	0.0
ATPM_m	0.0
GP4GASE_c	0.0
NDPK8_pl	0.0
METB1_c	0.0
HMR_1505_c	0.0
NTD9_c	0.0
LLOX13_c	0.0
NEOXANS_c	0.0
ADA_c	0.12933609150924863
BIOMASS_LEAF_SLY_b	0.001783096136312831
NDPK7_pl	0.0
MAN1PT_c	0.018909734525597573
FNORP_c	0.0
ATPH1_c	0.0
PGIA_pl	0.0
14BXYLAN_10Ut_gc	0.0
NORAJMALINES_c	0.0
2HFNTS_c	0.0
CYSTL_pl	0.1189590145959476
G6PIA_c	0.0
ICITD_m	0.0
CPLX3_mmi	1.3682986090370997
MGDECH_c	0.0
ITRANSZEATINRBMPH_c	0.0
ADSK_pl	0.0
GL3PDQ_imm	0.0
GLCt_ec	0.0
COTININEGT_c	0.0
GHBDHy_c	0.0
DVCHLDR_pl	0.0
GLYALDDr_c	0.0
GLYD_c	0.3882466691103568
R07674_c	0.018909734525597573
PHEAT1_c	0.0
EX_PHOTON_eb	-1000.0
GLYFT_c	0.0
GADO5_c	0.0
PYDXNK_c	0.0
IND3ACt_cpl	0.0
H4THDPRy_pl	0.45959099461603353
MTHFC_pl	0.0
ADK1_m	0.0
ARGORNt7_mc	0.0
FTHFL_c	0.0
HPIt_ce	3.6768064046729383
PELARGONIDIN3OCAFFEOYLGIDEGT_c	0.0
FASYNTH2_pl	0.07111432544467455
HCOUMARINMT_c	0.0
LIMNENS_c	0.0
OMILACTONEAS_c	0.0
OXCDC_c	0.0
TMTD_c	0.0
TNMT_c	0.0
R05506_c	0.0
IAALEUS_c	0.0
DURIPP_c	0.0
PAAD2_c	0.0
GALACTOSYLONONITOLDS_c	0.0
HMPK1_c	0.0
RDH1_c	0.0
GLC1PGT_c	0.0
DSGLUCOTRPLST_c	0.0
UREAt_cv	0.0
SECOLOGANINS_c	0.0
ACONAKGt2_cm	0.0
SHCHCS3_c	0.0
IEUGENOLMT_c	0.0
DMPPt_xc	0.0
HEXDH_c	0.0
GAAKORG9_c	0.0
FLAVAN4OL4R_c	0.0
MI34P_c	0.0
ACOADH1_m	0.0
NABTNO_c	0.0
GA14OX_c	0.0
PELARGONIDIN3OGIDEAT_c	0.0
MALSHININMT_c	0.0
3DPDHBMT_c	0.0
HISORNt_m	0.0
AGMT_c	0.0
ASPTA_x	-1.7205178109903738
GALURUT_c	0.0
PC1839Z12Z15Z1829Z12ZDS_c	0.0
for_tx_m__m	0.0
R2389_c	0.0
QUINDH2_c	0.0
GTHO_m	0.0
AKGCITt2_cm	0.0
NDPK7_c	0.0
ENOPH_c	0.0
ALLALCAKR_c	0.0
ACOTA_pl	0.24155584686760215
MGDG1839Z12Z15Z1617ZDS_c	0.0
SCHEILANTHIFOLINES_c	0.0
R08051_c	0.0
TRPOX2_c	0.0
THRS_pl	0.35655044239144235
ACOPAENES_c	0.0
MALOAAt_cm	-0.8417136264170597
G6PBDH_pl	0.0
MIHKPP_c	0.0
CISZEATINRBS_c	0.0
MG2t_cm	0.0
INDMTHHATEGT_c	0.0
MPMECY1_pl	0.04068141001090492
PARAXANTHINEMT_c	0.0
ACONICITt_c	0.0
DHSANGUINARINES2_c	0.0
DELPHINIDIN353TGIDEHCT_c	0.0
ANPRT_pl	0.06141102800373516
